,Pregnancies,Glucose,BloodPressure,SkinThickness,Insulin,BMI,DiabetesPedigreeFunction,Age,Outcome
Pregnancies,1.0,0.19829104308052062,0.21335477472245082,0.09320939740545235,0.07898362510990958,-0.02534727605604625,0.007562116438437548,0.6796084703853128,0.2565659558914167
Glucose,0.19829104308052062,1.0,0.21002657364775346,0.19885581885227446,0.5812230123542537,0.20951591881842835,0.14018017990769047,0.34364149991026505,0.5157027324140475
BloodPressure,0.21335477472245082,0.21002657364775346,1.0,0.23257118913532587,0.09851150312787152,0.30440336850360017,-0.01597110350582244,0.30003894627879313,0.1926732690966535
SkinThickness,0.09320939740545235,0.19885581885227446,0.23257118913532587,1.0,0.18219906133856992,0.6643548666929336,0.16049852633674927,0.1677611415016031,0.25593565847298966
Insulin,0.07898362510990958,0.5812230123542537,0.09851150312787152,0.18219906133856992,1.0,0.2263965177449757,0.13590578113752128,0.21708199090471653,0.30142921904914405
BMI,-0.02534727605604625,0.20951591881842835,0.30440336850360017,0.6643548666929336,0.2263965177449757,1.0,0.15877104319825325,0.0698137985786792,0.270118409404338
DiabetesPedigreeFunction,0.007562116438437548,0.14018017990769047,-0.01597110350582244,0.16049852633674927,0.13590578113752128,0.15877104319825325,1.0,0.08502910583181741,0.2093295108751476
Age,0.6796084703853128,0.34364149991026505,0.30003894627879313,0.1677611415016031,0.21708199090471653,0.0698137985786792,0.08502910583181741,1.0,0.350803803354006
Outcome,0.2565659558914167,0.5157027324140475,0.1926732690966535,0.25593565847298966,0.30142921904914405,0.270118409404338,0.2093295108751476,0.350803803354006,1.0
